{"cameraMode":{"drawMode":0,"name":"Shaded","section":"Shading Mode"},"sceneLighting":true,"audioPlay":false,"sceneViewState":{"m_AlwaysRefresh":false,"showFog":true,"showSkybox":true,"showFlares":true,"showImageEffects":true,"showParticleSystems":true,"showVisualEffectGraphs":true,"m_FxEnabled":true},"in2DMode":false,"pivot":{"x":-9.527925491333008,"y":-0.9047775268554688,"z":11.676412582397461},"rotation":{"x":-0.30420342087745669,"y":0.5758934617042542,"z":-0.24387714266777039,"w":-0.7186064720153809},"size":12.669045448303223,"orthographic":false}